"","trainSampNos"
"1",2
"2",3
"3",5
"4",6
"5",7
"6",8
"7",10
"8",11
"9",12
"10",14
"11",15
"12",17
"13",18
"14",19
"15",21
"16",22
"17",25
"18",27
"19",28
"20",29
"21",32
"22",33
"23",34
"24",37
"25",39
"26",40
"27",41
"28",42
"29",44
"30",46
"31",48
"32",49
"33",50
"34",52
"35",53
"36",54
"37",55
"38",56
"39",57
"40",58
"41",59
"42",60
"43",63
"44",65
"45",66
"46",67
"47",68
"48",69
"49",70
"50",71
"51",73
"52",75
"53",76
"54",81
"55",82
"56",85
"57",87
"58",88
"59",89
"60",90
"61",91
"62",93
"63",94
"64",95
"65",97
"66",99
"67",103
"68",105
"69",106
"70",108
"71",110
"72",114
"73",117
"74",118
"75",121
"76",122
"77",126
"78",127
"79",128
"80",129
"81",130
"82",131
"83",132
"84",134
"85",136
"86",137
"87",138
"88",139
"89",143
"90",145
"91",146
"92",149
"93",150
"94",151
"95",153
"96",154
"97",158
"98",159
"99",160
"100",161
"101",163
"102",164
"103",165
"104",166
"105",167
"106",169
"107",171
"108",173
"109",176
"110",177
"111",182
"112",185
"113",186
"114",190
"115",194
"116",196
"117",199
"118",200
"119",201
"120",204
"121",206
"122",208
"123",209
"124",210
"125",214
"126",215
"127",216
"128",217
"129",218
"130",221
"131",222
"132",223
"133",224
"134",227
"135",228
"136",230
"137",231
"138",232
"139",234
"140",235
"141",236
"142",238
"143",239
"144",240
"145",241
"146",242
"147",243
"148",244
"149",246
"150",247
"151",248
"152",250
"153",255
"154",256
"155",257
"156",258
"157",261
"158",262
"159",263
"160",264
"161",266
"162",268
"163",269
"164",271
"165",272
"166",273
"167",276
"168",279
"169",281
"170",282
"171",283
"172",284
"173",285
"174",287
"175",290
"176",291
"177",292
"178",294
"179",295
"180",298
"181",300
"182",301
"183",302
"184",303
"185",304
"186",307
"187",309
"188",310
"189",311
"190",312
"191",313
"192",314
"193",316
"194",317
"195",319
"196",321
"197",323
"198",324
"199",325
"200",327
"201",329
"202",330
"203",331
"204",332
"205",333
"206",334
"207",336
"208",337
"209",338
"210",341
"211",343
"212",345
"213",346
"214",349
"215",351
"216",353
"217",355
"218",356
"219",357
"220",358
"221",359
"222",360
"223",361
"224",363
"225",364
"226",365
"227",366
"228",367
"229",368
"230",369
"231",371
"232",378
"233",379
"234",380
"235",381
"236",382
"237",384
"238",385
"239",386
"240",387
"241",388
"242",390
"243",391
"244",392
"245",393
"246",395
"247",396
"248",397
"249",400
"250",401
"251",403
"252",404
"253",406
"254",409
"255",410
"256",411
"257",415
"258",417
"259",418
"260",422
"261",423
"262",428
"263",429
"264",433
"265",434
"266",435
"267",436
"268",437
"269",438
"270",440
"271",441
"272",443
"273",444
"274",445
"275",446
"276",447
"277",448
"278",449
"279",450
"280",453
"281",455
"282",456
"283",457
"284",458
"285",460
"286",465
"287",466
"288",468
"289",469
"290",470
"291",472
"292",474
"293",475
"294",478
"295",482
"296",484
"297",485
"298",487
"299",488
"300",489
"301",490
"302",492
"303",493
"304",494
"305",495
"306",497
"307",499
"308",501
"309",502
"310",503
"311",505
"312",507
"313",508
"314",509
"315",510
"316",516
"317",517
"318",518
"319",519
"320",520
"321",521
"322",523
"323",524
"324",525
"325",528
"326",529
"327",531
"328",532
"329",536
"330",537
"331",538
"332",539
"333",540
"334",541
"335",543
"336",544
"337",545
"338",546
"339",547
"340",549
"341",550
"342",555
"343",556
"344",560
"345",564
"346",566
"347",567
"348",569
"349",571
"350",572
"351",574
"352",575
"353",576
"354",577
"355",578
"356",580
"357",581
"358",582
"359",585
"360",586
"361",588
"362",589
"363",593
"364",594
"365",595
"366",598
"367",601
"368",602
"369",604
"370",605
"371",607
"372",608
"373",612
"374",614
"375",615
"376",616
"377",617
"378",619
"379",620
"380",621
"381",622
"382",624
"383",626
"384",627
"385",628
"386",630
"387",633
"388",635
"389",636
"390",638
"391",639
"392",643
"393",644
"394",645
"395",647
"396",649
"397",650
"398",652
"399",653
"400",654
"401",656
"402",657
"403",659
"404",660
"405",662
"406",663
"407",665
"408",666
"409",668
"410",669
"411",670
"412",671
"413",672
"414",674
"415",675
"416",677
"417",682
"418",683
"419",684
"420",685
"421",686
"422",687
"423",688
"424",690
"425",691
"426",694
"427",699
"428",700
"429",701
"430",703
"431",704
"432",705
"433",706
"434",707
"435",709
"436",712
"437",713
"438",715
"439",717
"440",718
"441",719
"442",720
"443",721
"444",722
"445",723
"446",725
"447",726
"448",727
"449",728
"450",729
"451",731
"452",732
"453",734
"454",735
"455",737
"456",739
"457",740
"458",741
"459",742
"460",743
"461",745
"462",747
"463",750
"464",752
"465",757
"466",758
"467",761
"468",763
"469",767
"470",768
"471",772
"472",773
"473",775
"474",776
"475",777
"476",780
"477",781
"478",787
"479",788
"480",789
"481",790
"482",793
"483",796
"484",799
"485",801
"486",803
"487",804
"488",805
"489",806
"490",808
"491",809
"492",810
"493",811
"494",812
"495",817
"496",822
"497",823
"498",825
"499",827
"500",828
"501",830
"502",832
"503",833
"504",835
"505",836
"506",839
"507",842
"508",843
"509",844
"510",845
"511",846
"512",848
"513",849
"514",850
"515",852
"516",853
"517",854
"518",855
"519",856
"520",857
"521",858
"522",861
"523",865
"524",867
"525",870
"526",871
"527",875
"528",876
"529",877
"530",878
"531",882
"532",884
"533",888
"534",889
"535",891
"536",892
"537",893
"538",894
"539",899
